{
  "publicPath": "/",
  "all": [
    "font/Lato-Bold.svg",
    "fonts.css",
    "font/Lato-Light.eot",
    "font/Lato-Light.woff2",
    "font/Lato-Light.svg",
    "font/Lato-Light.ttf",
    "font/Lato-LightItalic.woff",
    "font/Lato-LightItalic.woff2",
    "font/Lato-LightItalic.ttf",
    "font/Lato-LightItalic.eot",
    "font/Lato-Regular.eot",
    "font/Lato-Regular.woff",
    "font/Lato-Regular.woff2",
    "font/Lato-Regular.svg",
    "font/Lato-Regular.ttf",
    "font/Lato-Italic.woff",
    "font/Lato-Italic.woff2",
    "font/Lato-Italic.eot",
    "font/Lato-Italic.ttf",
    "font/Lato-Bold.eot",
    "font/Lato-Bold.woff2",
    "font/Lato-Bold.woff",
    "font/Lato-Bold.ttf",
    "font/Lato-Light.woff",
    "font/Lato-BoldItalic.woff",
    "font/Lato-BoldItalic.eot",
    "font/Lato-BoldItalic.woff2",
    "font/Lato-BoldItalic.ttf",
    "font/Lato-LightItalic.svg",
    "font/Lato-Italic.svg",
    "font/Lato-BoldItalic.svg",
    "674f50d287a8c48dc19ba404d20fe713.eot",
    "af7ae505a9eed503f8b8e6982036873e.woff2",
    "fee66e712a8a08eef5805a46892932ad.woff",
    "b06871f281fee6b241d60582ae9369b9.ttf",
    "acd7832c2e5ecb3a2a7450f64e843195.png",
    "0.0bfa88bd436bc0f12b10.js",
    "1.369834ff897ce1e9eac4.js",
    "2.05641b958e802e1148f5.js",
    "3.57bb3726fea4aad1d275.js",
    "4.9f04452e42fcfdb4ef8c.js",
    "vendors.0fff97419a736b8af9de.js",
    "main.9142fe09d74cafe213cc.js",
    "manifest.191479cb6addea2cbf56.js",
    "app.86777582488e489980f1c78ea4ce795d.css",
    "favicon.ico",
    "__non_ssr_page__.html"
  ],
  "initial": [
    "manifest.191479cb6addea2cbf56.js",
    "vendors.0fff97419a736b8af9de.js",
    "main.9142fe09d74cafe213cc.js"
  ],
  "async": [
    "0.0bfa88bd436bc0f12b10.js",
    "1.369834ff897ce1e9eac4.js",
    "2.05641b958e802e1148f5.js",
    "3.57bb3726fea4aad1d275.js",
    "4.9f04452e42fcfdb4ef8c.js"
  ],
  "modules": {
    "56236194": [
      39
    ],
    "58478250": [
      41,
      31,
      31,
      32,
      33,
      34
    ],
    "4481cbd8": [
      41,
      31,
      31,
      32,
      33,
      34
    ],
    "dad85836": [
      41,
      31,
      31,
      32,
      33,
      34
    ],
    "092a090b": [
      41,
      31,
      31,
      32,
      33,
      34
    ],
    "cdc50a7a": [
      41,
      31,
      31,
      32,
      33,
      34
    ],
    "04f2e9ec": [
      41,
      31,
      31,
      32,
      33,
      34
    ],
    "1a2c269a": [
      41,
      31,
      31,
      32,
      33,
      34
    ],
    "9cc7126a": [
      41,
      31,
      31,
      32,
      33,
      34
    ],
    "4eea9537": [
      41,
      31,
      31,
      32,
      33,
      34
    ],
    "eee560e2": [
      41,
      31,
      31,
      32,
      33,
      34
    ],
    "15609cb8": [
      41,
      31,
      31,
      32,
      33,
      34
    ],
    "29d65a2b": [
      41,
      31,
      31,
      32,
      33,
      34
    ],
    "9da21fee": [
      41,
      31,
      31,
      32,
      33,
      34
    ],
    "6ed7ace2": [
      41,
      31,
      31,
      32,
      33,
      34
    ],
    "8606c31c": [
      41,
      31,
      31,
      32,
      33,
      34
    ],
    "46b8294d": [
      41,
      31,
      31,
      32,
      33,
      34
    ],
    "6adb700c": [
      41,
      31,
      31,
      32,
      33,
      34
    ],
    "0667b036": [
      41,
      31,
      31,
      32,
      33,
      34
    ],
    "3df9f362": [
      41,
      31,
      31,
      32,
      33,
      34
    ],
    "4a427c4f": [
      41,
      31,
      31,
      32,
      33,
      34
    ],
    "2da082c6": [
      41,
      31,
      31,
      32,
      33,
      34
    ],
    "185275ae": [
      42,
      44,
      35
    ],
    "d0109464": [
      41,
      31,
      31,
      32,
      33,
      34
    ],
    "3cf75051": [
      41,
      31,
      31,
      32,
      33,
      34
    ],
    "29f83442": [
      42,
      44,
      35
    ],
    "f035b9a6": [
      42,
      44,
      35
    ],
    "d82a67a2": [
      41,
      31,
      31,
      32,
      33,
      34
    ],
    "beee9148": [
      41,
      31,
      31,
      32,
      33,
      34
    ],
    "317c64a3": [
      41,
      31,
      31,
      32,
      33,
      34
    ],
    "29aad4ea": [
      41,
      31,
      31,
      32,
      33,
      34
    ],
    "e84c6b6c": [
      41,
      31,
      31,
      32,
      33,
      34
    ],
    "6d31f6bb": [
      41,
      31,
      31,
      32,
      33,
      34
    ],
    "7fc3ee7e": [
      41,
      31,
      31,
      32,
      33,
      34
    ],
    "8fd547e8": [
      41,
      31,
      31,
      32,
      33,
      34
    ],
    "8b5e7bc4": [
      41,
      31,
      31,
      32,
      33,
      34
    ],
    "fcac93ca": [
      41,
      31,
      31,
      32,
      33,
      34
    ],
    "ee4ed080": [
      41,
      31,
      31,
      32,
      33,
      34
    ],
    "6b0058e6": [
      41,
      31,
      31,
      32,
      33,
      34
    ],
    "2d0cfd64": [
      41,
      31,
      31,
      32,
      33,
      34
    ],
    "b1988c7a": [
      41,
      31,
      31,
      32,
      33,
      34
    ],
    "079a8f01": [
      41,
      31,
      31,
      32,
      33,
      34
    ],
    "4fc289e8": [
      41,
      31,
      31,
      32,
      33,
      34
    ],
    "01d9e2c2": [
      41,
      31,
      31,
      32,
      33,
      34
    ],
    "c1274c28": [
      41,
      31,
      31,
      32,
      33,
      34
    ],
    "07f38837": [
      41,
      31,
      31,
      32,
      33,
      34
    ],
    "52e2d5da": [
      41,
      31,
      31,
      32,
      33,
      34
    ],
    "b940ca0c": [
      41,
      31,
      31,
      32,
      33,
      34
    ],
    "2347bdef": [
      41,
      31,
      31,
      32,
      33,
      34
    ],
    "344bc7d1": [
      41,
      31,
      31,
      32,
      33,
      34
    ],
    "0f65654b": [
      41,
      31,
      31,
      32,
      33,
      34
    ],
    "04785da7": [
      41,
      31,
      31,
      32,
      33,
      34
    ],
    "486070f1": [
      41,
      31,
      31,
      32,
      33,
      34
    ],
    "2a5cc5be": [
      41,
      31,
      31,
      32,
      33,
      34
    ],
    "0bca5b4e": [
      41,
      31,
      31,
      32,
      33,
      34
    ],
    "6ac4b17b": [
      41,
      31,
      31,
      32,
      33,
      34
    ],
    "128a8174": [
      41,
      31,
      31,
      32,
      33,
      34
    ],
    "d49bfd82": [
      41,
      31,
      31,
      32,
      33,
      34
    ],
    "fb09f5be": [
      41,
      31,
      31,
      32,
      33,
      34
    ],
    "47b93004": [
      41,
      31,
      31,
      32,
      33,
      34
    ],
    "3c21cfa5": [
      42,
      44,
      35
    ],
    "397bdac3": [
      42,
      44,
      35
    ],
    "ecc5945a": [
      42,
      44,
      35
    ],
    "5b8e67ad": [
      42,
      44,
      35
    ],
    "22c8b2b9": [
      42,
      44,
      35
    ],
    "4123e000": [
      42,
      44,
      35
    ],
    "077f8e6b": [
      41,
      31,
      31,
      32,
      33,
      34
    ],
    "172cd47e": [
      41,
      31,
      31,
      32,
      33,
      34
    ],
    "72b6a025": [
      41,
      31,
      31,
      32,
      33,
      34
    ],
    "5dc7967f": [
      41,
      31,
      31,
      32,
      33,
      34
    ],
    "a1847f74": [
      41,
      31,
      31,
      32,
      33,
      34
    ],
    "0c7f8c0f": [
      41,
      31,
      31,
      32,
      33,
      34
    ],
    "b4bf53d6": [
      41,
      31,
      31,
      32,
      33,
      34
    ],
    "7e41994a": [
      41,
      31,
      31,
      32,
      33,
      34
    ],
    "6dea0322": [
      41,
      31,
      31,
      32,
      33,
      34
    ],
    "366d5420": [
      36
    ],
    "506b79af": [
      36
    ],
    "344ad29d": [
      36
    ],
    "22f08d04": [
      36
    ],